Brand,brand_logo
Comcoplast,https://www.hygiene-shop.com/media/bc/e4/7a/1644584038/ComcoPlast.jpg
WBV,https://www.hygiene-shop.com/media/65/d6/57/1698681073/WBV.jpg
Deiss,https://www.hygiene-shop.com/media/fa/9e/39/1644584072/Deiss.jpg
Naturabiomat,https://www.hygiene-shop.com/media/c3/2e/3c/1644584074/naturabiomat-logo.jpg
PAPSTAR,https://www.hygiene-shop.com/media/c5/4d/af/1698676093/Papstar.jpg
Unger,https://www.hygiene-shop.com/media/4c/d4/a2/1644584049/Unger.jpg
Tork,https://www.hygiene-shop.com/media/c0/38/57/1644584057/Tork-essity.jpg
Sarima-Hygiene,https://www.hygiene-shop.com/media/64/42/1b/1644584047/Sarima-Hygiene.jpg
Satino by Wepa,https://www.hygiene-shop.com/media/55/a0/3b/1644584050/satino-by-wepa-logo.jpg
VAR,https://www.hygiene-shop.com/media/26/e8/4d/1644584076/Var.jpg
EKO,https://www.hygiene-shop.com/media/6d/4e/8d/1644584073/EKO.jpg
Dutch Bins,https://www.hygiene-shop.com/media/fc/cf/a8/1644584061/dutchbins.png
JM Metzger,https://www.hygiene-shop.com/media/f5/1c/dd/1644584041/JM-Metzger.jpg
V-Part,https://www.hygiene-shop.com/media/e7/fd/c9/1644584076/V-Part.jpg
mediclinics,https://www.hygiene-shop.com/media/f8/6e/61/1644584058/mediclinics.jpg
Steiner-Systems,https://www.hygiene-shop.com/media/44/7e/bc/1644584048/Steiner-System.jpg
