Name;slug_pl;Description;Quantity;In Stock;Manage Stock;Price;Tax Class;Active;oryginal_price;SKU;ean;weee;weight;Brand;brand_logo;images;product_sheet;safety_sheet;manual;chemical_symbols;chemical_info;rating;reviews;Categories;oryginal_url;is_variant;variants_sku;meta_description;base_image;additional_images
Wkłady do pojemników 120 litrów niebieskie 38my (typ 60) - 1 opakowanie = 250 sztuk;wklady-do-pojemnikow-120-litrow-niebieskie-38my-typ-60-1-opakowanie-250-sztuk;"<h2>Worki na odpady Comcplast 120L w kolorze niebieskim</h2>
<p class=""lead"">Profesjonalne worki na odpady, łączące najwyższą wytrzymałość z ekologicznym podejściem. Idealne do segregacji i gospodarowania odpadami.</p>

<div class=""row"">
    <div class=""col-md-6"">
        <h4>Właściwości produktu</h4>
        <ul class=""list-group"">
            <li class=""list-group-item"">Pojemność: <strong>120 litrów</strong></li>
            <li class=""list-group-item"">Kolor: <strong>niebieski</strong></li>
            <li class=""list-group-item"">Materiał: <strong>tworzywo sztuczne</strong></li>
            <li class=""list-group-item"">Jakość: <strong>PE-LD (polietylen o niskiej gęstości)</strong></li>
            <li class=""list-group-item"">Grubość folii: <strong>38 my (typ 60)</strong></li>
            <li class=""list-group-item"">Wymiary: <strong>szer. 70 cm x wys. 110 cm</strong></li>
        </ul>
    </div>

    <div class=""col-md-6"">
        <h4>Kluczowe zalety</h4>
        <ul class=""list-group"">
            <li class=""list-group-item"">Wyjątkowa wytrzymałość i odporność na rozdarcia</li>
            <li class=""list-group-item"">Wysoka elastyczność materiału</li>
            <li class=""list-group-item"">Ekologiczny materiał PE-LD</li>
            <li class=""list-group-item"">Idealne do segregacji odpadów</li>
            <li class=""list-group-item"">Uniwersalne zastosowanie</li>
        </ul>
    </div>
</div>

<div class=""row mt-4"">
    <div class=""col-md-6"">
        <h4>Parametry techniczne</h4>
        <ul class=""list-group"">
            <li class=""list-group-item""><strong>Pojemność:</strong> 120 litrów</li>
            <li class=""list-group-item""><strong>Grubość folii:</strong> 38 my</li>
            <li class=""list-group-item""><strong>Typ:</strong> 60</li>
            <li class=""list-group-item""><strong>Wymiary:</strong> 70 cm x 110 cm</li>
            <li class=""list-group-item""><strong>Materiał:</strong> PE-LD</li>
        </ul>
    </div>

    <div class=""col-md-6"">
        <h4>Certyfikaty i standardy</h4>
        <ul class=""list-group"">
            <li class=""list-group-item"">Produkt zgodny z europejskimi normami</li>
            <li class=""list-group-item"">Materiał przyjazny dla środowiska</li>
            <li class=""list-group-item"">Bezpieczny w użytkowaniu</li>
        </ul>
    </div>
</div>

<div class=""mt-4"">
    <h4>Opakowanie</h4>
    <ul class=""list-group"">
        <li class=""list-group-item""><strong>Zawartość opakowania:</strong> 250 worków na śmieci</li>
        <li class=""list-group-item""><strong>Konfiguracja:</strong> 10 rolek po 25 sztuk</li>
        <li class=""list-group-item""><strong>Opakowanie zbiorcze:</strong> karton</li>
    </ul>
</div>";;1;0;;1;1;41,86;HGS90550;4010373905518.0;;12;Comcoplast;https://www.hygiene-shop.com/media/bc/e4/7a/1644584038/ComcoPlast.jpg;https://www.hygiene-shop.com/media/47/83/00/1646310459/muellsaecke-120-liter-blau-38-my-250-stueck-90550-1.webp;;;;;;4.67;"[{""review_value"": 5, ""review_content"": ""Ich habe die 120 Liter Säcke für Gartenabfälle verwendet und sie haben sich hervorragend bewährt. Die Folienstärke von 38 my bietet Sicherheit und Stabilität. Versand war fix und unkompliziert.""}, {""review_value"": 4, ""review_content"": ""Die 120-Liter-Säcke bieten ausreichend Platz und sind äußerst reißfest. Ich nutze sie jetzt seit mehreren Wochen und hatte keine Probleme. Die Verpackung mit 250 Stück ist ebenfalls sehr praktisch.""}, {""review_value"": 5, ""review_content"": ""Diese Müllsäcke sind ideal für jede Art von Abfall, vom Haushalt bis zum Garten. Ich bin beeindruckt von der Stabilität und der schnellen Lieferung. Klare Kaufempfehlung für alle, die viel Müll zu entsorgen haben!""}, {""review_value"": 5, ""review_content"": ""Die Müllsäcke sind sehr stabil und halten auch schwerere Abfälle ohne Probleme aus. Besonders gefällt mir die blaue Farbe, die im Gegensatz zu herkömmlichen Säcken frischer wirkt. Lieferung war prompt!""}, {""review_value"": 4, ""review_content"": ""Müllsäcke wurden prompt zugeschickt,Qualität passt""}, {""review_value"": 4, ""review_content"": ""Diese blauen Müllsäcke sind ideal für den täglichen Gebrauch. Die Folienstärke von 38 my sorgt dafür, dass sie stabil sind und nicht reißen. Lieferung war schnell und unkompliziert. Klare Empfehlung!""}, {""review_value"": 5, ""review_content"": ""Die blauen Müllsäcke sind nicht nur optisch ansprechend, sondern auch besonders langlebig. Ich schätze die große Menge pro Karton, da ich sie regelmäßig brauche. Kundenservice war ebenfalls hilfsbereit.""}, {""review_value"": 5, ""review_content"": ""HSS Berlin:Gute Qualität, Preis stimmt ebenso.Alles in allem gute Müllsäcke. Santo Elvator""}, {""review_value"": 5, ""review_content"": ""Die Stärke ist genau richtig von diesen 120 Liter Müllsäcken. Wir hatten zuvor dünnere, diese sind uns ständig gerissen. Wir bleiben nun bei diesen Säcken""}]";Utylizacja odpadów > Worki na śmieci i odpady;https://www.hygiene-shop.com/muellsaecke-ab-60-liter/muellsaecke-120-liter-blau-38my-typ-60;False;;Profesjonalne worki na odpady, łączące najwyższą wytrzymałość z ekologicznym podejściem. Idealne do segregacji i gospodarowania odpadami.;https://www.hygiene-shop.com/media/47/83/00/1646310459/muellsaecke-120-liter-blau-38-my-250-stueck-90550-1.webp;
Wkłady do pojemników 120 litrów niebieskie 70 my (typ 100) - 1 opakowanie = 250 sztuk;wklady-do-pojemnikow-120-litrow-niebieskie-70-my-typ-100-1-opakowanie-250-sztuk;"<h2>Ekologiczne Worki na Śmieci 120L</h2><p class=""lead"">Profesjonalne worki na odpady, łączące maksymalną wytrzymałość z troską o środowisko. Idealne do gospodarstwa domowego i zastosowań komunalnych.</p>

<div class=""row"">
    <div class=""col-md-6"">
        <h4>Cechy produktu:</h4>
        <ul class=""list-group"">
            <li class=""list-group-item"">Pojemność: 120 litrów</li>
            <li class=""list-group-item"">Typ: 100 z 70 ?m</li>
            <li class=""list-group-item"">Kolor: niebieski</li>
            <li class=""list-group-item"">Wymiary: 700 x 1100 mm</li>
        </ul>
    </div>
    <div class=""col-md-6"">
        <h4>Kluczowe zalety:</h4>
        <ul class=""list-group"">
            <li class=""list-group-item"">Wyjątkowa odporność na rozdarcia</li>
            <li class=""list-group-item"">Odporność na uderzenia i przebicia</li>
            <li class=""list-group-item"">Uniwersalne zastosowanie</li>
            <li class=""list-group-item"">Bezpieczne dla środowiska</li>
        </ul>
    </div>
</div>

<h4>Parametry techniczne:</h4>
<ul class=""list-group"">
    <li class=""list-group-item"">Grubość: 70 mikronów</li>
    <li class=""list-group-item"">Materiał: wysokogatunkowy polietylen</li>
    <li class=""list-group-item"">Kolor: niebieski</li>
    <li class=""list-group-item"">Wymiary: 700 x 1100 mm</li>
</ul>

<h4>Certyfikaty:</h4>
<p>Produkt spełnia europejskie standardy jakości i normy środowiskowe.</p>

<h4>Opakowanie:</h4>
<p>250 sztuk w kartonie (10 rolek po 25 sztuk)</p>";;1;0;;1;1;68,98;HGS22104;4010373221052.0;;23,8;Comcoplast;https://www.hygiene-shop.com/media/bc/e4/7a/1644584038/ComcoPlast.jpg;https://www.hygiene-shop.com/media/3a/ae/b3/1646310454/muellsaecke-120-liter-blau-70-my-250-stueck-22104-1.webp;;;;;;4.64;"[{""review_value"": 5, ""review_content"": ""Ich benutze diese Müllsäcke für verschiedene Abfälle und sie halten wirklich, was sie versprechen. Stabile Verarbeitung und schnelle Lieferung. Ideal für alle, die oft mit Müll zu tun haben.""}, {""review_value"": 5, ""review_content"": ""Die 120 Liter sind optimal für meine Bedürfnisse. Die Säcke sind stabil und vielseitig einsetzbar. Besonders bei schweren Abfällen zeigen sie ihre Stärke. Klare Kaufempfehlung!""}, {""review_value"": 5, ""review_content"": ""Diese blauen Müllsäcke überzeugen durch ihre Stabilität und das faire Preis-Leistungs-Verhältnis. Ich habe die Lieferung recht schnell erhalten, alles in bester Ordnung.""}, {""review_value"": 5, ""review_content"": ""Ich bin begeistert von der Qualität dieser Müllsäcke. Sie sind stabil und halten selbst bei scharfen Kanten stand. Die Lieferung war schnell und unkompliziert. Ideal für größere Mengen Müll.""}, {""review_value"": 5, ""review_content"": ""Ich bin wirklich zufrieden mit diesen Müllsäcken. Sie lassen sich einfach zusammenbinden und halten auch die schwersten Abfälle aus. Die Lieferung war zudem sehr schnell.""}, {""review_value"": 4, ""review_content"": ""Diese blauen Müllsäcke sind echt stark und reißfest. Ich benutze sie für alles, vom Gartenabfall bis zu Kartons. Die Größe ist perfekt und sie halten auch schwereren Abfällen stand. Sehr zufrieden!""}, {""review_value"": 4, ""review_content"": ""Die 120 Liter dieser Säcke sind perfekt für meine Renovierungsarbeiten. Ich schätze die Stärke von 70 my, da sie selbst bei schweren Resten nicht reißen. Gerne wieder!""}, {""review_value"": 5, ""review_content"": ""Die blauen Müllsäcke sind super praktisch für meinen Garten. Sie sind stabil und halten auch große Mengen aus. Die Lieferung war flott und die Säcke kamen unbeschädigt an. Absolut empfehlenswert!""}, {""review_value"": 5, ""review_content"": ""Diese Müllsäcke sind perfekt für die Entsorgung von Gartenabfällen. Sie sind stark genug, um auch Äste und schwerere Sachen zu tragen. Sehr empfehlenswert!""}, {""review_value"": 4, ""review_content"": ""Die 120 Liter Müllsäcke sind genau, was ich gesucht habe. Sie sind schnell geliefert worden und der Kundenservice war hilfreich. Perfekt für meinen jährlichen Frühjahrsputz, da sie alles gut aufnehmen.""}]";Utylizacja odpadów > Worki na śmieci i odpady;https://www.hygiene-shop.com/muellsaecke-ab-60-liter/muellsaecke-120-liter-blau-70-my-typ-100;False;;Profesjonalne worki na odpady, łączące maksymalną wytrzymałość z troską o środowisko. Idealne do gospodarstwa domowego i zastosowań komunalnych.;https://www.hygiene-shop.com/media/3a/ae/b3/1646310454/muellsaecke-120-liter-blau-70-my-250-stueck-22104-1.webp;
Worki na śmieci 60 litrów, białe, 20my - 1 opakowanie = 360 sztuk;worki-na-smieci-60-litrow-biale-20my-1-opakowanie-360-sztuk;"<h2>Ekologiczne Wkłady do Kosza 60L</h2><p class=""lead"">Białe, wytrzymałe worki, które idealnie dopasowują się do standardowych koszy 60 litrów. Gwarancja czystości i wygody.</p>

<div class=""row"">
    <div class=""col-md-6"">
        <h4>Cechy produktu:</h4>
        <ul class=""list-group"">
            <li class=""list-group-item"">Pojemność: 60 litrów</li>
            <li class=""list-group-item"">Kolor: Biały</li>
            <li class=""list-group-item"">Grubość folii: 20 my</li>
        </ul>
    </div>
    <div class=""col-md-6"">
        <h4>Kluczowe zalety:</h4>
        <ul class=""list-group"">
            <li class=""list-group-item"">Wysoka wytrzymałość i nieprzeciekanie</li>
            <li class=""list-group-item"">Uniwersalne zastosowanie</li>
            <li class=""list-group-item"">Ekologiczny materiał</li>
            <li class=""list-group-item"">Łatwość przechowywania</li>
        </ul>
    </div>
</div>

<h4>Parametry techniczne:</h4>
<ul class=""list-group"">
    <li class=""list-group-item"">Wymiary: 365+245 x 850 mm</li>
    <li class=""list-group-item"">Grubość folii: 20 my</li>
    <li class=""list-group-item"">Pojemność: 60 litrów</li>
</ul>

<h4>Certyfikaty:</h4>
<p>Produkt spełnia wszystkie wymagane normy jakości i bezpieczeństwa.</p>

<h4>Opakowanie:</h4>
<p>Jednostka opakowania: 360 sztuk (9 paczek po 40 sztuk)</p>";;1;0;;1;1;42,14;HGS22706;4010373227061.0;;8;Comcoplast;https://www.hygiene-shop.com/media/bc/e4/7a/1644584038/ComcoPlast.jpg;https://www.hygiene-shop.com/media/0d/45/87/1646310457/muellbeutel-60-liter-weiss-20-my-360-stueck-22706-1.webp;;;;;;4.75;"[{""review_value"": 5, ""review_content"": ""Für den Preis sind diese weißen Müllbeutel unschlagbar. Sie sind dick genug, um selbst schwere Abfälle zu transportieren, und die Verpackungseinheit von 360 Stück hält eine ganze Weile. Sehr zufrieden!""}, {""review_value"": 5, ""review_content"": ""Diese Müllbeutel sind ideal für den Haushalt. Sie sind strapazierfähig und passen gut in meinen Mülleimer. Die Lieferung kam pünktlich und die Beutel sind einfach zu handhaben. Sehr empfehlenswert!""}, {""review_value"": 5, ""review_content"": ""Benutze die Beutel in meinem Büro und bin begeistert. Sie sind stabil und der Verschluss funktioniert gut. Der Versand war schnell und der Kundenservice freundlich. Perfekt für den täglichen Gebrauch!""}, {""review_value"": 4, ""review_content"": ""Diese 60-Liter-Müllbeutel sind echt klasse! Sie halten viel aus und reißen nicht so schnell. Auch die Handhabung ist einfach. Lieferung war schnell und problemlos. Klare Kaufempfehlung!""}]";Utylizacja odpadów > Worki na śmieci i odpady;https://www.hygiene-shop.com/muellsaecke-ab-60-liter/muellbeutel-60-liter-weiss-20my;False;;Białe, wytrzymałe worki, które idealnie dopasowują się do standardowych koszy 60 litrów. Gwarancja czystości i wygody.;https://www.hygiene-shop.com/media/0d/45/87/1646310457/muellbeutel-60-liter-weiss-20-my-360-stueck-22706-1.webp;
Worki na śmieci 180 litrów niebieskie 42 my - 1 opakowanie = 250 sztuk;worki-na-smieci-180-litrow-niebieskie-42-my-1-opakowanie-250-sztuk;"<h2>Worki na śmieci Comcoplast 180 litrów</h2>
<p class=""lead"">Profesjonalne worki na odpady, łączące wysoką wytrzymałość z ekologiczną świadomością. Idealne do segregacji i gospodarowania odpadami.</p>

<div class=""row"">
    <div class=""col-md-6"">
        <h4>Główne cechy produktu</h4>
        <ul class=""list-group"">
            <li class=""list-group-item"">Pojemność: <strong>180 litrów</strong></li>
            <li class=""list-group-item"">Kolor: <strong>niebieski</strong></li>
            <li class=""list-group-item"">Materiał: <strong>tworzywo sztuczne</strong></li>
            <li class=""list-group-item"">Jakość: <strong>PE-LD (polietylen o niskiej gęstości)</strong></li>
            <li class=""list-group-item"">Grubość folii: <strong>42 my</strong></li>
            <li class=""list-group-item"">Wymiary: <strong>90 cm x 180 cm</strong></li>
        </ul>
    </div>

    <div class=""col-md-6"">
        <h4>Kluczowe zalety</h4>
        <ul class=""list-group"">
            <li class=""list-group-item"">Wyjątkowa wytrzymałość i odporność na rozdarcia</li>
            <li class=""list-group-item"">Idealne do segregacji odpadów</li>
            <li class=""list-group-item"">Bezpieczne dla środowiska</li>
            <li class=""list-group-item"">Łatwość przechowywania i użytkowania</li>
            <li class=""list-group-item"">Uniwersalne zastosowanie</li>
        </ul>
    </div>
</div>

<div class=""row mt-4"">
    <div class=""col-md-6"">
        <h4>Parametry techniczne</h4>
        <ul class=""list-group"">
            <li class=""list-group-item""><strong>Pojemność:</strong> 180 litrów</li>
            <li class=""list-group-item""><strong>Kolor:</strong> niebieski</li>
            <li class=""list-group-item""><strong>Materiał:</strong> PE-LD</li>
            <li class=""list-group-item""><strong>Grubość folii:</strong> 42 my</li>
            <li class=""list-group-item""><strong>Wymiary:</strong> 90 cm × 180 cm</li>
        </ul>
    </div>

    <div class=""col-md-6"">
        <h4>Opakowanie</h4>
        <div class=""list-group"">
            <div class=""list-group-item"">
                <strong>Opakowanie jednostkowe:</strong> 250 worków<br>
                <em>(10 rolek po 25 sztuk w kartonie)</em>
            </div>
        </div>
    </div>
</div>";;1;0;;1;1;56,77;HGS22178;4010373221793.0;;18;Comcoplast;https://www.hygiene-shop.com/media/bc/e4/7a/1644584038/ComcoPlast.jpg;https://www.hygiene-shop.com/media/81/3d/c5/1646310455/muellsaecke-180-liter-blau-42-my-250-stueck-22178-1.webp;;;;;;4.57;"[{""review_value"": 4, ""review_content"": ""Ich nutze diese Säcke für meine wöchentlichen Gartenabfälle. Sie sind stark genug, um alles zu halten, ohne zu reißen. Die 42 my Folienstärke macht den Unterschied!""}, {""review_value"": 4, ""review_content"": ""Die Müllsäcke haben eine gute Größe und sind stabil. Die Lieferung erfolgte zügig und ohne Probleme. Empfehlenswert für alle, die viel Abfall produzieren!""}, {""review_value"": 5, ""review_content"": ""Diese blauen Müllsäcke sind nicht nur funktional, sondern auch umweltfreundlich. Ich schätze die dicke Folie, die das Handling erleichtert. Schnelle Lieferung, alles top!""}, {""review_value"": 5, ""review_content"": ""Diese Müllsäcke sind ideal für meinen Haushalt. Sie sind stabil und reißen nicht, selbst wenn sie voll sind. Der Kundenservice hat bei Fragen schnell reagiert.""}, {""review_value"": 5, ""review_content"": ""Ich war überrascht, wie viel in diese 180 Liter passen! Die Säcke sind sehr stabil und halten auch scharfen Abfällen stand. Die Bestellung lief reibungslos.""}, {""review_value"": 5, ""review_content"": ""Ich benutze diese blauen Säcke für meine Gartenarbeiten. Die Folienstärke ist super und die Handhabung einfach. Die Lieferung war schnell und zuverlässig.""}, {""review_value"": 4, ""review_content"": ""Diese blauen Müllsäcke sind extrem robust und halten selbst schwersten Abfall problemlos aus. Die Lieferung war schnell und die Verpackung ordentlich. Ideal für meinen Garten!""}]";Utylizacja odpadów > Worki na śmieci i odpady;https://www.hygiene-shop.com/muellsaecke-ab-60-liter/muellsaecke-180-liter-blau-42-my;False;;Profesjonalne worki na odpady, łączące wysoką wytrzymałość z ekologiczną świadomością. Idealne do segregacji i gospodarowania odpadami.;https://www.hygiene-shop.com/media/81/3d/c5/1646310455/muellsaecke-180-liter-blau-42-my-250-stueck-22178-1.webp;
Worki na śmieci WBV 60 litrów, białe, 9my - 1 opakowanie = 360 sztuk;worki-na-smieci-wbv-60-litrow-biale-9my-1-opakowanie-360-sztuk;"<h2>Worki na śmieci WBV 60L</h2>
<p class=""lead"">Ekologiczne i wytrzymałe worki, idealne do segregacji odpadów i użytku komunalnego. Gwarancja czystości i bezpieczeństwa dla środowiska.</p>

<div class=""row"">
    <div class=""col-md-6"">
        <h4>Cechy produktu:</h4>
        <ul class=""list-group"">
            <li class=""list-group-item"">Pojemność: 60 litrów</li>
            <li class=""list-group-item"">Kolor: biały z profesjonalnym nadrukiem</li>
            <li class=""list-group-item"">Wymiary: 630 mm x 850 mm</li>
            <li class=""list-group-item"">Przeznaczenie: odpady komunalne i segregowane</li>
        </ul>
    </div>

    <div class=""col-md-6"">
        <h4>Kluczowe zalety:</h4>
        <ul class=""list-group"">
            <li class=""list-group-item"">Wysoka wytrzymałość i odporność na rozerwanie</li>
            <li class=""list-group-item"">Przyjazne dla środowiska</li>
            <li class=""list-group-item"">Łatwość przechowywania i użytkowania</li>
            <li class=""list-group-item"">Estetyczny, czytelny nadruk</li>
        </ul>
    </div>
</div>

<h4>Parametry techniczne:</h4>
<ul class=""list-group"">
    <li class=""list-group-item"">Materiał: wysokogatunkowy polietylen</li>
    <li class=""list-group-item"">Grubość materiału: optymalna dla pojemności 60L</li>
    <li class=""list-group-item"">Kolor: biały</li>
    <li class=""list-group-item"">Nadruk: trwały, nieszkodliwy</li>
</ul>

<h4>Certyfikaty i standardy:</h4>
<p>Produkt spełnia wszystkie wymagane normy Unii Europejskiej w zakresie wyrobów z tworzyw sztucznych do kontaktu z żywnością.</p>

<h4>Opakowanie zbiorcze:</h4>
<ul class=""list-group"">
    <li class=""list-group-item"">Jednostka opakowania: 360 sztuk</li>
    <li class=""list-group-item"">Konfekcjonowanie: 9 rolek po 40 worków</li>
</ul>";;1;0;;1;1;31,06;HGS6641;4025648102318.0;;8;WBV;https://www.hygiene-shop.com/media/65/d6/57/1698681073/WBV.jpg;https://www.hygiene-shop.com/media/45/8c/c5/1646311971/muellbeutel-60-liter-weiss-9my-360-stueck-06641-1.webp;;;;;;4.6;"[{""review_value"": 5, ""review_content"": ""Nach mehreren Wochen Nutzung kann ich sagen, dass die Beutel sehr strapazierfähig sind. Die 9my Dicke sorgt für Sicherheit, auch bei schweren Abfällen.""}, {""review_value"": 5, ""review_content"": ""Ich habe diese Beutel in meiner Küche und sie halten, was sie versprechen. Die Lieferung war prompt und der Kundenservice freundlich. Eine klare Kaufempfehlung!""}, {""review_value"": 5, ""review_content"": ""Diese weißen Müllbeutel haben mich überzeugt. Sie sind dick genug, um selbst scharfe Abfälle zu halten. Die schnelle Lieferung war ein weiterer Pluspunkt!""}, {""review_value"": 4, ""review_content"": ""Sehr robuste Beutel, die selbst bei schwerem Inhalt nicht reißen. Die 60 Liter passen perfekt in meinen Mülleimer. Die Lieferung war schnell und zuverlässig!""}, {""review_value"": 4, ""review_content"": ""Die Müllbeutel sind angenehm stabil und lassen sich leicht verschließen. Ich schätze die große Verpackungseinheit von 360 Stück – das hält ordentlich und ist preiswert.""}]";Utylizacja odpadów > Worki na śmieci i odpady;https://www.hygiene-shop.com/muellsaecke-ab-60-liter/wbv-muellbeutel-60-liter-weiss-9my;False;;Ekologiczne i wytrzymałe worki, idealne do segregacji odpadów i użytku komunalnego. Gwarancja czystości i bezpieczeństwa dla środowiska.;https://www.hygiene-shop.com/media/45/8c/c5/1646311971/muellbeutel-60-liter-weiss-9my-360-stueck-06641-1.webp;
